<?xml version="1.0" encoding="UTF-8"?>
<addon id="plugin.video.zelaznog"
       name="Zelaznog"
       version="1.0.1"
       provider-name="Zelaznog">
    <extension point="xbmc.python.pluginsource" library="default.py">
      <provides>audio image video executable</provides>
    </extension>
    <extension point="xbmc.addon.metadata">
        <summary>Ver arquivos do sistema Zelaznog</summary>
        <description>Acessar todos os arquivos do sistema Zelaznog de filmes e series.</description>
        <platform>all</platform>
    </extension>
    <extension point="xbmc.addon.repository"
        name="Zelaznog's Add-on Repository">
    <info compressed="false">https://raw.github.com/GonzalezAtWork/zelaznog_video/master/addon.xml</info>
    <checksum>https://raw.github.com/GonzalezAtWork/zelaznog_video/master/addon.xml.md5</checksum>
    <datadir zip="true">https://github.com/GonzalezAtWork/zelaznog_video/raw/master/repo/</datadir>
  </extension>
</addon>